id;user_id;name;bdate
1;d206e536-4289-45d1-aafa-caf5a58443a0;sharpen regularly;2024-02-13T03:05:56
2;82ba8470-9d0c-4071-8b55-ca5e0461dcc3;animated neatly ah;2024-02-13T04:05:29
3;31293e16-f812-4510-9173-171d7a790b0e;pup until shudder;2024-02-13T07:09:01
4;a3055bee-030b-44d4-a887-f0fa5c10ea8d;brightly;2024-02-13T07:09:22
5;bac42e63-5bd1-4bdb-9b42-c22cfc520747;overcoat;2024-02-13T08:06:23
6;c9991fa6-5ee6-4086-8e91-b57021de0f95;needily strip;2024-02-13T04:37:15
7;b5a91de8-e390-408f-95ad-6a41b3424b12;ick as why;2024-02-13T05:06:46
8;0c9e36bb-ccf5-4c70-a095-f7ac5fdbb158;oof now livid;2024-02-12T18:01:18
9;ef9305a0-4306-46ea-948a-9faa72b2d178;chief provided;2024-02-12T19:55:28
10;9611aef2-f8df-4dd6-ac91-d3517bb02080;cream;2024-02-13T07:41:30
